policy,repository,metric,label,precision,recall,f1,support,true_label,predicted_label,value
leakage_sensitive,bitcoin/bitcoin,class,bug,0.7808219178082192,0.57,0.6589595375722543,100,,,
leakage_sensitive,bitcoin/bitcoin,class,feature,0.7377049180327869,0.9183673469387755,0.8181818181818182,98,,,
leakage_sensitive,bitcoin/bitcoin,class,question,0.6213592233009708,0.64,0.6305418719211823,100,,,
leakage_sensitive,bitcoin/bitcoin,macro,,0.7132953530473257,0.7094557823129252,0.7025610758917517,298,,,
leakage_sensitive,bitcoin/bitcoin,micro,,0.7080536912751678,0.7080536912751678,0.7080536912751678,298,,,
leakage_sensitive,bitcoin/bitcoin,confusion,,,,,,bug,bug,57
leakage_sensitive,bitcoin/bitcoin,confusion,,,,,,bug,feature,9
leakage_sensitive,bitcoin/bitcoin,confusion,,,,,,bug,question,34
leakage_sensitive,bitcoin/bitcoin,confusion,,,,,,feature,bug,3
leakage_sensitive,bitcoin/bitcoin,confusion,,,,,,feature,feature,90
leakage_sensitive,bitcoin/bitcoin,confusion,,,,,,feature,question,5
leakage_sensitive,bitcoin/bitcoin,confusion,,,,,,question,bug,13
leakage_sensitive,bitcoin/bitcoin,confusion,,,,,,question,feature,23
leakage_sensitive,bitcoin/bitcoin,confusion,,,,,,question,question,64
leakage_sensitive,facebook/react,class,bug,0.9207920792079208,0.93,0.9253731343283582,100,,,
leakage_sensitive,facebook/react,class,feature,0.7288135593220338,0.86,0.7889908256880734,100,,,
leakage_sensitive,facebook/react,class,question,0.7901234567901234,0.64,0.7071823204419889,100,,,
leakage_sensitive,facebook/react,macro,,0.8132430317733593,0.81,0.8071820934861402,300,,,
leakage_sensitive,facebook/react,micro,,0.81,0.81,0.81,300,,,
leakage_sensitive,facebook/react,confusion,,,,,,bug,bug,93
leakage_sensitive,facebook/react,confusion,,,,,,bug,feature,2
leakage_sensitive,facebook/react,confusion,,,,,,bug,question,5
leakage_sensitive,facebook/react,confusion,,,,,,feature,bug,2
leakage_sensitive,facebook/react,confusion,,,,,,feature,feature,86
leakage_sensitive,facebook/react,confusion,,,,,,feature,question,12
leakage_sensitive,facebook/react,confusion,,,,,,question,bug,6
leakage_sensitive,facebook/react,confusion,,,,,,question,feature,30
leakage_sensitive,facebook/react,confusion,,,,,,question,question,64
leakage_sensitive,microsoft/vscode,class,bug,0.7840909090909091,0.69,0.7340425531914894,100,,,
leakage_sensitive,microsoft/vscode,class,feature,0.6727272727272727,0.74,0.7047619047619048,100,,,
leakage_sensitive,microsoft/vscode,class,question,0.7352941176470589,0.75,0.7425742574257426,100,,,
leakage_sensitive,microsoft/vscode,macro,,0.730704099821747,0.7266666666666666,0.7271262384597122,300,,,
leakage_sensitive,microsoft/vscode,micro,,0.7266666666666667,0.7266666666666667,0.7266666666666667,300,,,
leakage_sensitive,microsoft/vscode,confusion,,,,,,bug,bug,69
leakage_sensitive,microsoft/vscode,confusion,,,,,,bug,feature,13
leakage_sensitive,microsoft/vscode,confusion,,,,,,bug,question,18
leakage_sensitive,microsoft/vscode,confusion,,,,,,feature,bug,17
leakage_sensitive,microsoft/vscode,confusion,,,,,,feature,feature,74
leakage_sensitive,microsoft/vscode,confusion,,,,,,feature,question,9
leakage_sensitive,microsoft/vscode,confusion,,,,,,question,bug,2
leakage_sensitive,microsoft/vscode,confusion,,,,,,question,feature,23
leakage_sensitive,microsoft/vscode,confusion,,,,,,question,question,75
leakage_sensitive,opencv/opencv,class,bug,0.7551020408163265,0.74,0.7474747474747475,100,,,
leakage_sensitive,opencv/opencv,class,feature,0.81,0.81,0.81,100,,,
leakage_sensitive,opencv/opencv,class,question,0.7843137254901961,0.8,0.7920792079207921,100,,,
leakage_sensitive,opencv/opencv,macro,,0.7831385887688409,0.7833333333333333,0.7831846517985133,300,,,
leakage_sensitive,opencv/opencv,micro,,0.7833333333333333,0.7833333333333333,0.7833333333333333,300,,,
leakage_sensitive,opencv/opencv,confusion,,,,,,bug,bug,74
leakage_sensitive,opencv/opencv,confusion,,,,,,bug,feature,16
leakage_sensitive,opencv/opencv,confusion,,,,,,bug,question,10
leakage_sensitive,opencv/opencv,confusion,,,,,,feature,bug,7
leakage_sensitive,opencv/opencv,confusion,,,,,,feature,feature,81
leakage_sensitive,opencv/opencv,confusion,,,,,,feature,question,12
leakage_sensitive,opencv/opencv,confusion,,,,,,question,bug,17
leakage_sensitive,opencv/opencv,confusion,,,,,,question,feature,3
leakage_sensitive,opencv/opencv,confusion,,,,,,question,question,80
leakage_sensitive,tensorflow/tensorflow,class,bug,0.7477477477477478,0.8383838383838383,0.7904761904761904,99,,,
leakage_sensitive,tensorflow/tensorflow,class,feature,0.8588235294117647,0.73,0.7891891891891892,100,,,
leakage_sensitive,tensorflow/tensorflow,class,question,0.6699029126213593,0.69,0.6798029556650246,100,,,
leakage_sensitive,tensorflow/tensorflow,macro,,0.7588247299269573,0.7527946127946127,0.7531561117768014,299,,,
leakage_sensitive,tensorflow/tensorflow,micro,,0.7525083612040134,0.7525083612040134,0.7525083612040134,299,,,
leakage_sensitive,tensorflow/tensorflow,confusion,,,,,,bug,bug,83
leakage_sensitive,tensorflow/tensorflow,confusion,,,,,,bug,feature,2
leakage_sensitive,tensorflow/tensorflow,confusion,,,,,,bug,question,14
leakage_sensitive,tensorflow/tensorflow,confusion,,,,,,feature,bug,7
leakage_sensitive,tensorflow/tensorflow,confusion,,,,,,feature,feature,73
leakage_sensitive,tensorflow/tensorflow,confusion,,,,,,feature,question,20
leakage_sensitive,tensorflow/tensorflow,confusion,,,,,,question,bug,21
leakage_sensitive,tensorflow/tensorflow,confusion,,,,,,question,feature,10
leakage_sensitive,tensorflow/tensorflow,confusion,,,,,,question,question,69
leakage_sensitive,__global__,class,bug,0.7977109389342247,0.7536767676767677,0.7712652326086079,499,,,
leakage_sensitive,__global__,class,feature,0.7616138558987716,0.811673469387755,0.7822247475641971,498,,,
leakage_sensitive,__global__,class,question,0.7201986871699416,0.704,0.710436122674946,500,,,
leakage_sensitive,__global__,macro,,0.7598411606676461,0.7564500790215075,0.7546420342825837,1497,,,
leakage_sensitive,__global__,micro,,0.7561790247160989,0.7561790247160989,0.7561790247160989,1497,,,
leakage_sensitive,__global__,confusion,,,,,,bug,bug,376
leakage_sensitive,__global__,confusion,,,,,,bug,feature,42
leakage_sensitive,__global__,confusion,,,,,,bug,question,81
leakage_sensitive,__global__,confusion,,,,,,feature,bug,36
leakage_sensitive,__global__,confusion,,,,,,feature,feature,404
leakage_sensitive,__global__,confusion,,,,,,feature,question,58
leakage_sensitive,__global__,confusion,,,,,,question,bug,59
leakage_sensitive,__global__,confusion,,,,,,question,feature,89
leakage_sensitive,__global__,confusion,,,,,,question,question,352
primary,bitcoin/bitcoin,class,bug,0.7702702702702703,0.57,0.6551724137931034,100,,,
primary,bitcoin/bitcoin,class,feature,0.7398373983739838,0.91,0.8161434977578476,100,,,
primary,bitcoin/bitcoin,class,question,0.6213592233009708,0.64,0.6305418719211823,100,,,
primary,bitcoin/bitcoin,macro,,0.7104889639817417,0.7066666666666667,0.7006192611573777,300,,,
primary,bitcoin/bitcoin,micro,,0.7066666666666667,0.7066666666666667,0.7066666666666667,300,,,
primary,bitcoin/bitcoin,confusion,,,,,,bug,bug,57
primary,bitcoin/bitcoin,confusion,,,,,,bug,feature,9
primary,bitcoin/bitcoin,confusion,,,,,,bug,question,34
primary,bitcoin/bitcoin,confusion,,,,,,feature,bug,4
primary,bitcoin/bitcoin,confusion,,,,,,feature,feature,91
primary,bitcoin/bitcoin,confusion,,,,,,feature,question,5
primary,bitcoin/bitcoin,confusion,,,,,,question,bug,13
primary,bitcoin/bitcoin,confusion,,,,,,question,feature,23
primary,bitcoin/bitcoin,confusion,,,,,,question,question,64
primary,facebook/react,class,bug,0.9207920792079208,0.93,0.9253731343283582,100,,,
primary,facebook/react,class,feature,0.7288135593220338,0.86,0.7889908256880734,100,,,
primary,facebook/react,class,question,0.7901234567901234,0.64,0.7071823204419889,100,,,
primary,facebook/react,macro,,0.8132430317733593,0.81,0.8071820934861402,300,,,
primary,facebook/react,micro,,0.81,0.81,0.81,300,,,
primary,facebook/react,confusion,,,,,,bug,bug,93
primary,facebook/react,confusion,,,,,,bug,feature,2
primary,facebook/react,confusion,,,,,,bug,question,5
primary,facebook/react,confusion,,,,,,feature,bug,2
primary,facebook/react,confusion,,,,,,feature,feature,86
primary,facebook/react,confusion,,,,,,feature,question,12
primary,facebook/react,confusion,,,,,,question,bug,6
primary,facebook/react,confusion,,,,,,question,feature,30
primary,facebook/react,confusion,,,,,,question,question,64
primary,microsoft/vscode,class,bug,0.7840909090909091,0.69,0.7340425531914894,100,,,
primary,microsoft/vscode,class,feature,0.6727272727272727,0.74,0.7047619047619048,100,,,
primary,microsoft/vscode,class,question,0.7352941176470589,0.75,0.7425742574257426,100,,,
primary,microsoft/vscode,macro,,0.730704099821747,0.7266666666666666,0.7271262384597122,300,,,
primary,microsoft/vscode,micro,,0.7266666666666667,0.7266666666666667,0.7266666666666667,300,,,
primary,microsoft/vscode,confusion,,,,,,bug,bug,69
primary,microsoft/vscode,confusion,,,,,,bug,feature,13
primary,microsoft/vscode,confusion,,,,,,bug,question,18
primary,microsoft/vscode,confusion,,,,,,feature,bug,17
primary,microsoft/vscode,confusion,,,,,,feature,feature,74
primary,microsoft/vscode,confusion,,,,,,feature,question,9
primary,microsoft/vscode,confusion,,,,,,question,bug,2
primary,microsoft/vscode,confusion,,,,,,question,feature,23
primary,microsoft/vscode,confusion,,,,,,question,question,75
primary,opencv/opencv,class,bug,0.7551020408163265,0.74,0.7474747474747475,100,,,
primary,opencv/opencv,class,feature,0.81,0.81,0.81,100,,,
primary,opencv/opencv,class,question,0.7843137254901961,0.8,0.7920792079207921,100,,,
primary,opencv/opencv,macro,,0.7831385887688409,0.7833333333333333,0.7831846517985133,300,,,
primary,opencv/opencv,micro,,0.7833333333333333,0.7833333333333333,0.7833333333333333,300,,,
primary,opencv/opencv,confusion,,,,,,bug,bug,74
primary,opencv/opencv,confusion,,,,,,bug,feature,16
primary,opencv/opencv,confusion,,,,,,bug,question,10
primary,opencv/opencv,confusion,,,,,,feature,bug,7
primary,opencv/opencv,confusion,,,,,,feature,feature,81
primary,opencv/opencv,confusion,,,,,,feature,question,12
primary,opencv/opencv,confusion,,,,,,question,bug,17
primary,opencv/opencv,confusion,,,,,,question,feature,3
primary,opencv/opencv,confusion,,,,,,question,question,80
primary,tensorflow/tensorflow,class,bug,0.75,0.84,0.7924528301886793,100,,,
primary,tensorflow/tensorflow,class,feature,0.8588235294117647,0.73,0.7891891891891892,100,,,
primary,tensorflow/tensorflow,class,question,0.6699029126213593,0.69,0.6798029556650246,100,,,
primary,tensorflow/tensorflow,macro,,0.7595754806777081,0.7533333333333333,0.7538149916809643,300,,,
primary,tensorflow/tensorflow,micro,,0.7533333333333333,0.7533333333333333,0.7533333333333333,300,,,
primary,tensorflow/tensorflow,confusion,,,,,,bug,bug,84
primary,tensorflow/tensorflow,confusion,,,,,,bug,feature,2
primary,tensorflow/tensorflow,confusion,,,,,,bug,question,14
primary,tensorflow/tensorflow,confusion,,,,,,feature,bug,7
primary,tensorflow/tensorflow,confusion,,,,,,feature,feature,73
primary,tensorflow/tensorflow,confusion,,,,,,feature,question,20
primary,tensorflow/tensorflow,confusion,,,,,,question,bug,21
primary,tensorflow/tensorflow,confusion,,,,,,question,feature,10
primary,tensorflow/tensorflow,confusion,,,,,,question,question,69
primary,__global__,class,bug,0.7960510598770854,0.754,0.7709031357952756,500,,,
primary,__global__,class,feature,0.762040351967011,0.8099999999999999,0.7818170834794029,500,,,
primary,__global__,class,question,0.7201986871699416,0.704,0.710436122674946,500,,,
primary,__global__,macro,,0.7594300330046794,0.756,0.7543854473165416,1500,,,
primary,__global__,micro,,0.756,0.756,0.756,1500,,,
primary,__global__,confusion,,,,,,bug,bug,377
primary,__global__,confusion,,,,,,bug,feature,42
primary,__global__,confusion,,,,,,bug,question,81
primary,__global__,confusion,,,,,,feature,bug,37
primary,__global__,confusion,,,,,,feature,feature,405
primary,__global__,confusion,,,,,,feature,question,58
primary,__global__,confusion,,,,,,question,bug,59
primary,__global__,confusion,,,,,,question,feature,89
primary,__global__,confusion,,,,,,question,question,352
